<?xml version="1.0" encoding="UTF-8"?>
<project-private xmlns="http://www.netbeans.org/ns/project-private/1">
    <editor-bookmarks xmlns="http://www.netbeans.org/ns/editor-bookmarks/2" lastBookmarkId="0"/>
    <open-files xmlns="http://www.netbeans.org/ns/projectui-open-files/2">
        <group>
            <file>file:/C:/Users/khoif/OneDrive/Documents/NetBeansProjects/PriceComparison/src/pricecomparison/Account.java</file>
            <file>file:/C:/Users/khoif/OneDrive/Documents/NetBeansProjects/PriceComparison/src/pricecomparison/DataStorage.java</file>
            <file>file:/C:/Users/khoif/OneDrive/Documents/NetBeansProjects/PriceComparison/src/pricecomparison/ProductSearch.java</file>
            <file>file:/C:/Users/khoif/OneDrive/Documents/NetBeansProjects/PriceComparison/src/pricecomparison/ProductData.java</file>
            <file>file:/C:/Users/khoif/OneDrive/Documents/NetBeansProjects/PriceComparison/src/pricecomparison/Application.java</file>
            <file>file:/C:/Users/khoif/OneDrive/Documents/NetBeansProjects/PriceComparison/src/pricecomparison/DataFulfillment.java</file>
            <file>file:/C:/Users/khoif/OneDrive/Documents/NetBeansProjects/PriceComparison/src/pricecomparison/PriceComparison.java</file>
            <file>file:/C:/Users/khoif/OneDrive/Documents/NetBeansProjects/PriceComparison/src/pricecomparison/Client.java</file>
            <file>file:/C:/Users/khoif/OneDrive/Documents/NetBeansProjects/PriceComparison/src/pricecomparison/Database.java</file>
        </group>
    </open-files>
</project-private>
